ei_reduction_estimate,heifer_cost_scenario,carbon_price_scenario,abatement_ton_co2e_cow_yr,heifer_cost_savings_usd_yr,gross_cost_usd_yr,carbon_revenue_usd_yr,net_cost_usd_yr,net_dollar_per_ton_co2e
lower bound (2.7%/10pt),dry-lot ($1594),low,0.08878857999049555,159.4,-159.4,0.5629195971397418,-159.96291959713975,-1801.615924190511
lower bound (2.7%/10pt),dry-lot ($1594),mid,0.08878857999049555,159.4,-159.4,2.6636573997148667,-162.06365739971488,-1825.275924190511
lower bound (2.7%/10pt),dry-lot ($1594),high,0.08878857999049555,159.4,-159.4,4.661400449501016,-164.06140044950104,-1847.775924190511
lower bound (2.7%/10pt),confinement ($1919),low,0.08878857999049555,191.9,-191.9,0.5629195971397418,-192.46291959713975,-2167.653989034875
lower bound (2.7%/10pt),confinement ($1919),mid,0.08878857999049555,191.9,-191.9,2.6636573997148667,-194.56365739971488,-2191.313989034875
lower bound (2.7%/10pt),confinement ($1919),high,0.08878857999049555,191.9,-191.9,4.661400449501016,-196.56140044950104,-2213.813989034875
upper bound (5.0%/10pt),dry-lot ($1594),low,0.16442329627869565,159.4,-159.4,1.0424436984069303,-160.44244369840695,-975.788999062875
upper bound (5.0%/10pt),dry-lot ($1594),mid,0.16442329627869565,159.4,-159.4,4.93269888836087,-164.33269888836088,-999.4489990628748
upper bound (5.0%/10pt),dry-lot ($1594),high,0.16442329627869565,159.4,-159.4,8.632223054631522,-168.03222305463152,-1021.9489990628748
upper bound (5.0%/10pt),confinement ($1919),low,0.16442329627869565,191.9,-191.9,1.0424436984069303,-192.94244369840695,-1173.4495540788312
upper bound (5.0%/10pt),confinement ($1919),mid,0.16442329627869565,191.9,-191.9,4.93269888836087,-196.83269888836088,-1197.109554078831
upper bound (5.0%/10pt),confinement ($1919),high,0.16442329627869565,191.9,-191.9,8.632223054631522,-200.53222305463152,-1219.609554078831
