ndf_floor,ndf,adf,hemicellulose,cp,fat,nfc,nel,dmi,ch4_mj_d,ch4_kg_d,ch4_co2e_kg_d,ghg_intensity,feed_cost_d,feed_cost_cwt,iofc_d,iofc_cwt,milk_revenue_d,forage_ndf,nfc_ceiling_violated,total_ndf_floor_violated,forage_ndf_floor_violated,share_Alfalfa haylage,share_Corn silage,share_Grass hay,share_Corn grain ground,share_Soybean meal 48pct CP
0.28,0.33669776821701336,0.19546033880066271,0.14123742941635065,0.16000000000020997,0.028302231782731727,0.40000000000004493,1.6334612799140733,23.519703175176367,18.569571664960755,0.33368502542606926,9.00949568650387,0.24599708627319136,5.511266298736991,6.5786009003822095,11.83029524472548,14.12139909961779,17.341561543462472,0.3049084431295798,False,False,False,6.284770608549975e-13,0.4499999999990138,0.176566281258228,0.19146275880631825,0.18197095993581136
0.3,0.33669776821701336,0.19546033880066271,0.14123742941635065,0.16000000000020997,0.028302231782731727,0.40000000000004493,1.6334612799140733,23.519703175176367,18.569571664960755,0.33368502542606926,9.00949568650387,0.24599708627319136,5.511266298736991,6.5786009003822095,11.83029524472548,14.12139909961779,17.341561543462472,0.3049084431295798,False,False,False,6.284770608549975e-13,0.4499999999990138,0.176566281258228,0.19146275880631825,0.18197095993581136
0.32,0.33669776821701336,0.19546033880066271,0.14123742941635065,0.16000000000020997,0.028302231782731727,0.40000000000004493,1.6334612799140733,23.519703175176367,18.569571664960755,0.33368502542606926,9.00949568650387,0.24599708627319136,5.511266298736991,6.5786009003822095,11.83029524472548,14.12139909961779,17.341561543462472,0.3049084431295798,False,False,False,6.284770608549975e-13,0.4499999999990138,0.176566281258228,0.19146275880631825,0.18197095993581136
0.34,0.33999999999975844,0.19760428646097192,0.14239571353878652,0.16000000000020492,0.028209879769989326,0.3967901202300473,1.6287211186618955,23.588153927350128,18.608537999997147,0.33438522911046087,9.028401185982444,0.24651328584174603,5.522243513788704,6.591704008254068,11.819318029673768,14.108295991745933,17.341561543462472,0.3088131207524609,False,False,False,6.495496057550749e-13,0.4499999999990427,0.18329848405626187,0.18507579717738282,0.18162571876666317
0.341,0.3409999999995529,0.19825352848880418,0.1427464715107487,0.1599999999985042,0.028181913225467228,0.3958180867764757,1.627285676950322,23.608961226600613,18.620337999994724,0.3345972686432116,9.034126253366713,0.24666960423561105,5.525580309804362,6.5956870219723545,11.81598123365811,14.104312978027647,17.341561543462472,0.3099955567165369,False,False,False,0.0,0.45000000000179746,0.18533716675125522,0.18314166231638593,0.1815211709317658
0.35,0.3500000000002383,0.20413529411778628,0.145864705882452,0.15999999999998374,0.027938235294128127,0.3870617647056498,1.6120382352945422,23.832266264269517,18.72653800000281,0.3365056244385052,9.08565185983964,0.24807646978079204,5.5663415741255635,6.644342281150381,11.77521996933691,14.05565771884962,17.341561543462472,0.32029705882378634,False,False,False,0.0,0.43617647058875053,0.2138235294118079,0.17029411764694816,0.17970588235283227
0.36,0.36000000000004595,0.2108411764706607,0.14915882352938525,0.1600000000000834,0.027702941176464334,0.3772970588234063,1.5848029411763167,24.241830610944355,18.84453800000054,0.3386260197664068,9.142902533692984,0.24963965371973285,5.6599639942852145,6.756096006006571,11.681597549177258,13.94390399399343,17.341561543462472,0.33023823529418395,False,False,False,4.3805593644296035e-13,0.35970588235278733,0.2902941176469904,0.17617647058792954,0.17382352941185464
0.37,0.37000000000090677,0.21754705882296618,0.1524529411779406,0.15999999998735626,0.027467647059620747,0.3675323529521163,1.5575676470550621,24.665718066474795,18.9625380000107,0.3407464150945319,9.200153207552361,0.2512028376588384,5.756860537461809,6.871757934070462,11.584701006000664,13.82824206592954,17.341561543462472,0.340179411765352,False,False,False,3.406217410974957e-13,0.28323529411563975,0.36676470588478943,0.1820588235613744,0.16794117643788833
0.372,0.3720000000011524,0.21888823529480453,0.15311176470634788,0.15999999999994924,0.027420588235336486,0.36557941176356185,1.552120588236735,24.752280681598013,18.986138000013597,0.3411704941601725,9.211603342324658,0.251515474446671,5.776647908234663,6.895377408820272,11.564913635227809,13.80462259117973,17.341561543462472,0.3421676470600398,False,False,False,0.0,0.2679411764712804,0.3820588235309718,0.18323529411741254,0.16676470588181833
