context,cost_source,carbon_price_scenario,pct_ch4_intensity_change,abatement_ton_co2e_cow_yr,gross_cost_usd_cow_yr,carbon_revenue_usd_cow_yr,net_cost_usd_cow_yr,net_dollar_per_ton_co2e
BAU diet (highest NDF),DSM-linked cost,low,-32.13240000003233,1.0595517782475,99.0,6.717558274089149,92.28244172591086,87.09573578230045
BAU diet (highest NDF),DSM-linked cost,mid,-32.13240000003233,1.0595517782475,99.0,31.786553347425,67.213446652575,63.43573578230045
BAU diet (highest NDF),DSM-linked cost,high,-32.13240000003233,1.0595517782475,99.0,55.626468357993744,43.373531642006256,40.935735782300455
BAU diet (highest NDF),Independent (Pupo) cost,low,-32.13240000003233,1.0595517782475,128.32,6.717558274089149,121.60244172591085,114.7678142988363
BAU diet (highest NDF),Independent (Pupo) cost,mid,-32.13240000003233,1.0595517782475,128.32,31.786553347425,96.533446652575,91.10781429883629
BAU diet (highest NDF),Independent (Pupo) cost,high,-32.13240000003233,1.0595517782475,128.32,55.626468357993744,72.69353164200625,68.6078142988363
Lever-A-optimized diet (NFC-constrained),DSM-linked cost,low,-32.443451357909936,1.066891842985015,99.0,6.764094284524995,92.235905715475,86.45291115677834
Lever-A-optimized diet (NFC-constrained),DSM-linked cost,mid,-32.443451357909936,1.066891842985015,99.0,32.00675528955045,66.99324471044955,62.79291115677834
Lever-A-optimized diet (NFC-constrained),DSM-linked cost,high,-32.443451357909936,1.066891842985015,99.0,56.01182175671328,42.98817824328672,40.292911156778345
Lever-A-optimized diet (NFC-constrained),Independent (Pupo) cost,low,-32.443451357909936,1.066891842985015,128.32,6.764094284524995,121.55590571547499,113.93460969331107
Lever-A-optimized diet (NFC-constrained),Independent (Pupo) cost,mid,-32.443451357909936,1.066891842985015,128.32,32.00675528955045,96.31324471044954,90.27460969331106
Lever-A-optimized diet (NFC-constrained),Independent (Pupo) cost,high,-32.443451357909936,1.066891842985015,128.32,56.01182175671328,72.3081782432867,67.77460969331106
